time,avg_grain_vol,dt,grain_tracker
15,624992.15210263,15,10
45,624998.91408661,30,10
105,624997.1069556,60,10
225,624993.43320753,120,10
465,624985.99161612,240,10
945,624971.08207926,480,10
1905,624941.37772946,960,10
3825,624882.59717756,1920,10
7665,624767.55665028,3840,10
15345,624546.77774188,7680,10
30705,624137.6643181,15360,10
61425,624082.31514972,30720,10
122865,624548.55349198,61440,10
245745,624046.10560553,122880,10
491505,623754.60590298,245760,10
983025,623471.59211212,491520,10
1966065,623485.80143895,983040,10
3932145,623581.08794107,1966080,10
7864305,623597.42060306,3932160,10
11796465,623595.76549607,3932160,10
15728625,623587.74692569,3932160,10
19660785,623602.45786865,3932160,10
23592945,623603.06969215,3932160,10
27525105,623599.76735017,3932160,10
35389425,623608.65815866,7864320,10
39321585,623616.81004842,3932160,10
47185905,623611.51977794,7864320,10
51118065,623612.61078624,3932160,10
58982385,623615.92750256,7864320,10
62914545,623624.1647044,3932160,10
70778865,623611.83978242,7864320,10
74711025,623616.39737392,3932160,10
82575345,623633.03414748,7864320,10
90439665,623619.23932116,7864320,10
98303985,623625.22194348,7864320,10
106168305,623628.20403904,7864320,10
114032625,623637.06765878,7864320,10
121896945,623632.35854874,7864320,10
129761265,623629.76155388,7864320,10
137625585,623642.77838151,7864320,10
145489905,623644.24018953,7864320,10
153354225,623636.72958554,7864320,10
161218545,623642.20124964,7864320,10
169082865,623639.47188059,7864320,10
176947185,623644.53622913,7864320,10
184811505,623650.60627443,7864320,10
192675825,623651.69218384,7864320,10
200540145,623657.21196021,7864320,10
208404465,623654.70896546,7864320,10
216268785,623655.45944666,7864320,10
224133105,623673.97643515,7864320,10
231997425,623660.52013608,7864320,10
239861745,623654.73377941,7864320,10
247726065,623655.88655945,7864320,10
255590385,623659.98806666,7864320,10
263454705,623658.19886014,7864320,10
271319025,623666.56588268,7864320,10
279183345,623667.64944176,7864320,10
287047665,623671.18097601,7864320,10
294911985,623664.21367884,7864320,10
302776305,623676.45141423,7864320,10
310640625,623685.97366872,7864320,10
318504945,623674.77191433,7864320,10
326369265,623687.32053246,7864320,10
334233585,623686.10889567,7864320,10
342097905,623678.43143086,7864320,10
349962225,623675.13748876,7864320,10
357826545,623682.3113267,7864320,10
365690865,623685.06238357,7864320,10
373555185,623675.64888494,7864320,10
381419505,623690.16332863,7864320,10
389283825,623689.87819535,7864320,10
397148145,623692.78889486,7864320,10
405012465,623683.59686885,7864320,10
412876785,623677.57431767,7864320,10
420741105,623705.60779751,7864320,10
428605425,623701.28907411,7864320,10
436469745,623698.77577827,7864320,10
444334065,623703.25790462,7864320,10
452198385,623699.16296312,7864320,10
460062705,623704.51433614,7864320,10
467927025,623702.99486954,7864320,10
475791345,623692.41638683,7864320,10
483655665,623695.18845019,7864320,10
491519985,623699.69003104,7864320,10
499384305,623707.13122479,7864320,10
507248625,623710.54675988,7864320,10
515112945,623706.97327779,7864320,10
522977265,623698.73611872,7864320,10
530841585,623713.1040176,7864320,10
538705905,623725.76433768,7864320,10
546570225,623725.08296841,7864320,10
554434545,623730.44474127,7864320,10
562298865,623724.36651379,7864320,10
570163185,623727.78751599,7864320,10
578027505,623724.81152031,7864320,10
585891825,623721.12207269,7864320,10
593756145,623714.43208763,7864320,10
601620465,623725.7158781,7864320,10
609484785,623729.69242163,7864320,10
617349105,623716.48352576,7864320,10
625213425,623723.41062739,7864320,10
633077745,623730.55874594,7864320,10
640942065,623726.70227344,7864320,10
648806385,623731.27313661,7864320,10
656670705,623738.38318799,7864320,10
664535025,623748.98052313,7864320,10
672399345,623743.3392604,7864320,10
680263665,623732.76269646,7864320,10
688127985,623733.57343675,7864320,10
695992305,623741.06030868,7864320,10
703856625,623734.99258728,7864320,10
711720945,623736.52707965,7864320,10
719585265,623741.76453396,7864320,10
727449585,623746.39178701,7864320,10
735313905,623757.87905461,7864320,10
743178225,623747.36428011,7864320,10
751042545,623750.35999678,7864320,10
758906865,623754.2447948,7864320,10
766771185,623762.34430085,7864320,10
774635505,623760.18332188,7864320,10
782499825,623752.80391927,7864320,10
790364145,623758.23522718,7864320,10
798228465,623747.8163423,7864320,10
806092785,623764.97422902,7864320,10
813957105,623760.66988751,7864320,10
821821425,623751.1407036,7864320,10
829685745,623776.03065839,7864320,10
837550065,623768.96211358,7864320,10
845414385,623759.25148384,7864320,10
853278705,623763.57157017,7864320,10
861143025,623773.23704161,7864320,10
869007345,623779.56232526,7864320,10
876871665,623778.43520533,7864320,10
884735985,623755.82909913,7864320,10
892600305,623768.60707042,7864320,10
900464625,623778.73341999,7864320,10
908328945,623762.70579033,7864320,10
916193265,623777.37179014,7864320,10
924057585,623780.2559281,7864320,10
931921905,623786.47684459,7864320,10
939786225,623779.36634111,7864320,10
947650545,623780.95697376,7864320,10
955514865,623790.38693352,7864320,10
963379185,623798.54241718,7864320,10
971243505,623784.85234206,7864320,10
979107825,623785.7782176,7864320,10
986972145,623791.26375326,7864320,10
994836465,623778.9925761,7864320,10
1002700785,623790.87505967,7864320,10
1010565105,623786.48195438,7864320,10
1018429425,623806.90028788,7864320,10
1026293745,623792.36124982,7864320,10
1034158065,623806.92393169,7864320,10
1042022385,623801.57404492,7864320,10
1049886705,623794.82796012,7864320,10
1057751025,623813.76720664,7864320,10
1065615345,623796.46497068,7864320,10
1073479665,623805.86809479,7864320,10
1081343985,623805.409974,7864320,10
1089208305,623795.24906276,7864320,10
1097072625,623812.1731057,7864320,10
1104936945,623805.62922089,7864320,10
1112801265,623816.43720906,7864320,10
1120665585,623811.82273468,7864320,10
1128529905,623812.3316759,7864320,10
1136394225,623821.91825927,7864320,10
1144258545,623827.83023321,7864320,10
1152122865,623817.10084103,7864320,10
1159987185,623822.57395703,7864320,10
1167851505,623834.37436377,7864320,10
1175715825,623818.49922106,7864320,10
1183580145,623821.87037436,7864320,10
1191444465,623816.92698016,7864320,10
1199308785,623823.93434885,7864320,10
1207173105,623834.85469088,7864320,10
1215037425,623835.77397411,7864320,10
1222901745,623827.90820963,7864320,10
1230766065,623844.9809329,7864320,10
1238630385,623837.07063155,7864320,10
1246494705,623845.33785037,7864320,10
1254359025,623836.60265792,7864320,10
1262223345,623839.1968047,7864320,10
1270087665,623838.62084685,7864320,10
1277951985,623835.15204517,7864320,10
1285816305,623834.80388934,7864320,10
1293680625,623840.5319799,7864320,10
1301544945,623846.46860845,7864320,10
1309409265,623851.34544594,7864320,10
1317273585,623847.04377412,7864320,10
1325137905,623853.32510394,7864320,10
1333002225,623868.73060432,7864320,10
1340866545,623863.02224371,7864320,10
1348730865,623872.30723707,7864320,10
1356595185,623861.24792491,7864320,10
1364459505,623853.14115078,7864320,10
1372323825,623863.05931228,7864320,10
1376255985,623865.8151842,3932160,10
1384120305,623866.08800732,7864320,10
1388052465,623869.48024597,3932160,10
1395916785,623876.94436574,7864320,10
1399848945,623875.15246137,3932160,10
1407713265,623868.79360909,7864320,10
1411645425,623875.76014189,3932160,10
1419509745,623882.35768334,7864320,10
1423441905,623879.75352691,3932160,10
1431306225,623885.83916526,7864320,10
1435238385,623879.46923133,3932160,10
1443102705,623896.3314623,7864320,10
1447034865,623892.44783938,3932160,10
1450967025,623893.96995376,3932160,10
1452933105,623900.16814129,1966080,10
1454899185,623904.90264951,1966080,10
1456865265,623904.87722351,1966080,10
1458831345,623903.42698656,1966080,10
1460797425,693221.69349122,1966080,9
1464729585,693222.34687879,3932160,9
1472593905,693227.5714735,7864320,9
1476526065,693230.10772444,3932160,9
1480458225,693234.72857996,3932160,9
1484390385,693239.38350657,3932160,9
1488322545,693235.96311626,3932160,9
1492254705,693238.62475786,3932160,9
1496186865,693244.58192107,3932160,9
1500119025,693251.56912747,3932160,9
1501102065,693254.02732511,983040,9
1502085105,693253.50764074,983040,9
1504051185,693243.85962808,1966080,9
1506017265,779897.39126635,1966080,8
1509949425,779903.11842807,3932160,8
1517813745,779905.73633182,7864320,8
1521745905,779914.19698399,3932160,8
1529610225,779920.56811658,7864320,8
1533542385,779936.36024926,3932160,8
1541406705,779927.38491641,7864320,8
1549271025,779914.99944445,7864320,8
1557135345,779915.65690001,7864320,8
1564999665,779916.14031215,7864320,8
1572863985,779913.41709943,7864320,8
1580728305,779914.66967157,7864320,8
1588592625,779925.06113159,7864320,8
1596456945,779921.00662577,7864320,8
1604321265,779934.70029938,7864320,8
1612185585,779934.53113805,7864320,8
1620049905,779928.63331037,7864320,8
1627914225,779945.33939857,7864320,8
1635778545,779935.05639154,7864320,8
1643642865,779942.72147296,7864320,8
1651507185,779945.35962935,7864320,8
1659371505,779941.82172891,7864320,8
1667235825,779924.7377055,7864320,8
1675100145,779945.32622408,7864320,8
1682964465,779938.97909855,7864320,8
1686896625,779942.86972209,3932160,8
1694760945,779943.05081743,7864320,8
1698693105,779944.94491236,3932160,8
1706557425,779950.3950595,7864320,8
1710489585,779961.2986241,3932160,8
1718353905,779963.47970142,7864320,8
1722286065,779960.98858533,3932160,8
1730150385,779965.19148854,7864320,8
1734082545,779969.01756098,3932160,8
1741946865,779968.15627821,7864320,8
1745879025,779979.03508439,3932160,8
1753743345,779956.42378623,7864320,8
1757675505,779967.17642574,3932160,8
1765539825,779973.92538162,7864320,8
1769471985,779975.99870321,3932160,8
1773404145,779970.70919433,3932160,8
1777336305,779965.71120517,3932160,8
1781268465,779965.55997396,3932160,8
1785200625,779975.27872209,3932160,8
1789132785,779973.98614668,3932160,8
1793064945,779974.36353997,3932160,8
1795031025,779978.99539771,1966080,8
1796997105,779971.1656165,1966080,8
1797980145,779977.56940175,983040,8
1798963185,779985.63910012,983040,8
1800929265,891411.56126841,1966080,7
1804861425,891404.34979135,3932160,7
1812725745,891430.88868019,7864320,7
1816657905,891413.10796499,3932160,7
1824522225,891410.71050742,7864320,7
1832386545,891422.54551314,7864320,7
1840250865,891425.22680044,7864320,7
1848115185,891432.75727021,7864320,7
1855979505,891444.54651518,7864320,7
1863843825,891435.98488698,7864320,7
1871708145,891438.62404912,7864320,7
1879572465,891439.77149569,7864320,7
1887436785,891430.63123672,7864320,7
1895301105,891440.64975768,7864320,7
1903165425,891433.04810327,7864320,7
1911029745,891429.78716833,7864320,7
1918894065,891431.42843503,7864320,7
1926758385,891434.80786708,7864320,7
1934622705,891437.82184379,7864320,7
1942487025,891442.91454677,7864320,7
1950351345,891438.18854571,7864320,7
1958215665,891441.61156955,7864320,7
1966079985,891443.32992791,7864320,7
1973944305,891447.46914766,7864320,7
1981808625,891447.80297002,7864320,7
1985740785,891447.9984613,3932160,7
1993605105,891440.0826042,7864320,7
1997537265,891448.42194151,3932160,7
2005401585,891460.81314304,7864320,7
2009333745,891451.02876774,3932160,7
2017198065,891449.07812687,7864320,7
2021130225,891451.99727775,3932160,7
2028994545,891470.28522534,7864320,7
2032926705,891472.36210714,3932160,7
2040791025,891475.17656226,7864320,7
2044723185,891483.23528763,3932160,7
2052587505,891482.5895061,7864320,7
2056519665,891474.67002061,3932160,7
2064383985,891481.05960963,7864320,7
2068316145,891482.85154324,3932160,7
2072248305,891483.62350506,3932160,7
2076180465,891479.48082307,3932160,7
2080112625,891474.97943415,3932160,7
2084044785,891475.78110554,3932160,7
2087976945,891471.49900926,3932160,7
2089943025,891469.40566164,1966080,7
2091909105,891472.72886699,1966080,7
2093875185,891468.60433416,1966080,7
2094858225,1040043.0435189,983040,6
2096824305,1040053.8696216,1966080,6
2100756465,1040041.9407499,3932160,6
2108620785,1040049.3162997,7864320,6
2112552945,1040056.1913801,3932160,6
2120417265,1040075.6888226,7864320,6
2124349425,1040067.6204381,3932160,6
2132213745,1040058.3845193,7864320,6
2140078065,1040057.2522366,7864320,6
2147942385,1040062.0663924,7864320,6
2155806705,1040078.8944648,7864320,6
2163671025,1040077.9754455,7864320,6
2171535345,1040092.5134524,7864320,6
2179399665,1040087.3522147,7864320,6
2187263985,1040102.374147,7864320,6
2195128305,1040090.2944188,7864320,6
2202992625,1040089.3996666,7864320,6
2210856945,1040081.0914897,7864320,6
2218721265,1040081.3322347,7864320,6
2226585585,1040076.5557618,7864320,6
2234449905,1040079.9930895,7864320,6
2242314225,1040077.3853514,7864320,6
2250178545,1040080.4054384,7864320,6
2258042865,1040081.3274837,7864320,6
2265907185,1040086.8471479,7864320,6
2273771505,1040084.6197574,7864320,6
2281635825,1040101.8634651,7864320,6
2289500145,1040091.399978,7864320,6
2297364465,1040110.9000689,7864320,6
2305228785,1040105.2153732,7864320,6
2313093105,1040103.1651051,7864320,6
2320957425,1040120.048095,7864320,6
2328821745,1040112.8227153,7864320,6
2336686065,1040110.4081857,7864320,6
2344550385,1040098.0055548,7864320,6
2352414705,1040098.0304149,7864320,6
2360279025,1040095.5663735,7864320,6
2368143345,1040094.7865187,7864320,6
2376007665,1040098.2545382,7864320,6
2383871985,1040094.7526985,7864320,6
2391736305,1040085.8392468,7864320,6
2399600625,1040101.2172242,7864320,6
2407464945,1040107.6883603,7864320,6
2415329265,1040109.4393463,7864320,6
2423193585,1040114.5128524,7864320,6
2431057905,1040108.1990844,7864320,6
2438922225,1040122.3230008,7864320,6
2446786545,1040112.6953384,7864320,6
2454650865,1040118.6611297,7864320,6
2462515185,1040108.9764334,7864320,6
2470379505,1040105.4965487,7864320,6
2478243825,1040119.26611,7864320,6
2486108145,1040125.3259221,7864320,6
2493972465,1040116.3641077,7864320,6
2501836785,1040123.9776501,7864320,6
2509701105,1040132.1356181,7864320,6
2517565425,1040137.0405269,7864320,6
2525429745,1040137.1539099,7864320,6
2533294065,1040157.6072762,7864320,6
2541158385,1040152.2282433,7864320,6
2549022705,1040141.3326428,7864320,6
2556887025,1040149.671654,7864320,6
2564751345,1040156.4367018,7864320,6
2572615665,1040165.2320558,7864320,6
2576547825,1040141.4040042,3932160,6
2584412145,1040149.7854523,7864320,6
2588344305,1040147.5629732,3932160,6
2596208625,1040145.221131,7864320,6
2600140785,1040145.3364221,3932160,6
2608005105,1040147.7513904,7864320,6
2611937265,1040158.135221,3932160,6
2619801585,1040153.8161634,7864320,6
2623733745,1040155.1150795,3932160,6
2631598065,1040166.208968,7864320,6
2635530225,1040161.5087794,3932160,6
2643394545,1040170.5205038,7864320,6
2647326705,1040166.3820533,3932160,6
2655191025,1040155.9614584,7864320,6
2659123185,1040166.8340454,3932160,6
2666987505,1040162.6463521,7864320,6
2670919665,1040169.0432718,3932160,6
2674851825,1040155.1661775,3932160,6
2678783985,1040156.9679609,3932160,6
2682716145,1040154.9471105,3932160,6
2686648305,1040166.8349561,3932160,6
2690580465,1040158.4995508,3932160,6
2692546545,1040159.6306161,1966080,6
2694512625,1040154.4460572,1966080,6
2696478705,1040166.7469736,1966080,6
2697461745,1040161.3681204,983040,6
2697953265,1248171.5955335,491520,5
2698936305,1248190.1581006,983040,5
2700902385,1248200.7913173,1966080,5
2702868465,1248202.2582916,1966080,5
2706800625,1248196.1785439,3932160,5
2708766705,1248199.3073809,1966080,5
2712698865,1248211.8726604,3932160,5
2716631025,1248227.0463135,3932160,5
2720563185,1248225.4715626,3932160,5
2724495345,1248226.3261383,3932160,5
2728427505,1248230.4809101,3932160,5
2732359665,1248234.8945356,3932160,5
2736291825,1248238.2388214,3932160,5
2740223985,1248240.4123371,3932160,5
2744156145,1248231.6379034,3932160,5
2748088305,1248254.3321293,3932160,5
2752020465,1248240.5947267,3932160,5
2755952625,1248260.337802,3932160,5
2759884785,1248258.3218915,3932160,5
2767749105,1248248.116769,7864320,5
2771681265,1248260.0072474,3932160,5
2775613425,1248264.2610969,3932160,5
2783477745,1248254.9775825,7864320,5
2787409905,1248263.7820816,3932160,5
2795274225,1248278.9820253,7864320,5
2799206385,1248279.8542003,3932160,5
2807070705,1248267.9771905,7864320,5
2811002865,1248264.2917775,3932160,5
2818867185,1248278.2431975,7864320,5
2822799345,1248281.9824471,3932160,5
2830663665,1248286.6358658,7864320,5
2834595825,1248296.3849177,3932160,5
2842460145,1248291.4633497,7864320,5
2846392305,1248287.6221253,3932160,5
2854256625,1248318.6287596,7864320,5
2858188785,1248301.4103037,3932160,5
2866053105,1248304.533477,7864320,5
2869985265,1248303.5704686,3932160,5
2877849585,1248304.9480508,7864320,5
2881781745,1248308.0419959,3932160,5
2889646065,1248320.3504197,7864320,5
2893578225,1248300.0368252,3932160,5
2901442545,1248302.7008879,7864320,5
2905374705,1248303.615674,3932160,5
2913239025,1248313.784048,7864320,5
2917171185,1248311.5007116,3932160,5
2921103345,1248313.7009477,3932160,5
2928967665,1248326.3564272,7864320,5
2936831985,1248326.6354154,7864320,5
2944696305,1248333.5093423,7864320,5
2952560625,1248338.9003808,7864320,5
2960424945,1248333.7878162,7864320,5
2968289265,1248354.841488,7864320,5
2976153585,1248353.1194743,7864320,5
2984017905,1248349.9438738,7864320,5
2991882225,1248348.9582706,7864320,5
2999746545,1248357.1783868,7864320,5
3007610865,1248352.2068834,7864320,5
3015475185,1248370.2208127,7864320,5
3023339505,1248354.9439198,7864320,5
3031203825,1248347.7355116,7864320,5
3039068145,1248371.0974129,7864320,5
3046932465,1248353.3314094,7864320,5
3054796785,1248373.6876463,7864320,5
3062661105,1248383.7797302,7864320,5
3070525425,1248378.7282691,7864320,5
3078389745,1248383.6129583,7864320,5
3086254065,1248402.8516527,7864320,5
3094118385,1248380.6555246,7864320,5
3101982705,1248388.0191756,7864320,5
3109847025,1248392.5635628,7864320,5
3117711345,1248372.4681602,7864320,5
3125575665,1248393.9987303,7864320,5
3133439985,1248399.6658066,7864320,5
3141304305,1248392.4606127,7864320,5
3149168625,1248413.984972,7864320,5
3157032945,1248425.3483169,7864320,5
3164897265,1248405.4265894,7864320,5
3172761585,1248415.4863311,7864320,5
3180625905,1248437.2006634,7864320,5
3188490225,1248410.3243689,7864320,5
3196354545,1248430.1761921,7864320,5
3204218865,1248431.2822129,7864320,5
3208151025,1248419.7425931,3932160,5
3216015345,1248431.9812842,7864320,5
3219947505,1248436.9143507,3932160,5
3227811825,1248441.9052619,7864320,5
3231743985,1248431.014013,3932160,5
3239608305,1248427.2619457,7864320,5
3243540465,1248432.5599279,3932160,5
3251404785,1248451.215886,7864320,5
3255336945,1248441.7066447,3932160,5
3263201265,1248449.8079552,7864320,5
3267133425,1248474.352071,3932160,5
3274997745,1248457.413478,7864320,5
3278929905,1248474.0413525,3932160,5
3282862065,1248466.8193117,3932160,5
3286794225,1248477.1462542,3932160,5
3290726385,1248497.8544463,3932160,5
3294658545,1248483.0673344,3932160,5
3298590705,1248483.5655423,3932160,5
3300556785,1248482.9652284,1966080,5
3301539825,1248472.8632538,983040,5
3302522865,1248485.7757083,983040,5
3304488945,1248480.832815,1966080,5
3306455025,1560619.1805568,1966080,4
3310387185,1560600.4603769,3932160,4
3318251505,1560622.4432094,7864320,4
3322183665,1560612.9593954,3932160,4
3330047985,1560607.0935464,7864320,4
3333980145,1560615.4998888,3932160,4
3341844465,1560634.7518513,7864320,4
3349708785,1560620.1582747,7864320,4
3357573105,1560623.1582293,7864320,4
3365437425,1560655.1103543,7864320,4
3373301745,1560625.804272,7864320,4
3381166065,1560624.1758175,7864320,4
3389030385,1560655.8665415,7864320,4
3396894705,1560644.5746421,7864320,4
3404759025,1560646.7192254,7864320,4
3412623345,1560642.2938202,7864320,4
3420487665,1560654.198092,7864320,4
3428351985,1560642.6602076,7864320,4
3436216305,1560669.3475332,7864320,4
3444080625,1560661.7649904,7864320,4
3451944945,1560675.5382316,7864320,4
3459809265,1560677.7797084,7864320,4
3467673585,1560663.9303515,7864320,4
3475537905,1560674.7686046,7864320,4
3483402225,1560668.0231617,7864320,4
3491266545,1560667.5774617,7864320,4
3499130865,1560675.8695703,7864320,4
3506995185,1560689.8488978,7864320,4
3514859505,1560691.5836835,7864320,4
3522723825,1560671.0431526,7864320,4
3530588145,1560698.8555221,7864320,4
3538452465,1560688.5945166,7864320,4
3546316785,1560680.7906249,7864320,4
3554181105,1560688.1374138,7864320,4
3562045425,1560682.8688714,7864320,4
3569909745,1560723.6224498,7864320,4
3577774065,1560704.3461206,7864320,4
3585638385,1560712.8516078,7864320,4
3593502705,1560720.5289897,7864320,4
3601367025,1560722.70173,7864320,4
3609231345,1560699.5210514,7864320,4
3617095665,1560716.8056589,7864320,4
3624959985,1560694.9220784,7864320,4
3632824305,1560709.9969963,7864320,4
3640688625,1560723.0756244,7864320,4
3648552945,1560712.8496114,7864320,4
3656417265,1560736.7403579,7864320,4
3664281585,1560725.5938505,7864320,4
3672145905,1560725.8243414,7864320,4
3680010225,1560737.3596407,7864320,4
3687874545,1560720.7670788,7864320,4
3695738865,1560739.1032639,7864320,4
3703603185,1560743.429974,7864320,4
3711467505,1560734.7427604,7864320,4
3719331825,1560767.6013018,7864320,4
3727196145,1560726.957497,7864320,4
3735060465,1560764.4347608,7864320,4
3742924785,1560748.7104988,7864320,4
3750789105,1560779.0817731,7864320,4
3758653425,1560756.467149,7864320,4
3766517745,1560757.2374987,7864320,4
3774382065,1560762.9846723,7864320,4
3782246385,1560768.3973678,7864320,4
3790110705,1560786.8910078,7864320,4
3797975025,1560773.6997576,7864320,4
3805839345,1560760.9150791,7864320,4
3813703665,1560776.348262,7864320,4
3821567985,1560777.1390624,7864320,4
3829432305,1560783.6303469,7864320,4
3837296625,1560799.1736059,7864320,4
3845160945,1560805.9324544,7864320,4
3853025265,1560776.1001058,7864320,4
3860889585,1560811.8160963,7864320,4
3868753905,1560791.6526471,7864320,4
3876618225,1560798.996153,7864320,4
3884482545,1560790.2480392,7864320,4
3892346865,1560805.8310259,7864320,4
3900211185,1560793.6864579,7864320,4
3908075505,1560812.141496,7864320,4
3915939825,1560826.1483491,7864320,4
3923804145,1560829.0507931,7864320,4
3931668465,1560824.0418943,7864320,4
3939532785,1560805.278504,7864320,4
3947397105,1560815.2793585,7864320,4
3955261425,1560814.5881621,7864320,4
3963125745,1560820.530539,7864320,4
3970990065,1560833.3246793,7864320,4
3978854385,1560838.3826165,7864320,4
3986718705,1560845.7058508,7864320,4
3994583025,1560828.1646382,7864320,4
4002447345,1560840.3693673,7864320,4
4010311665,1560853.3711803,7864320,4
4018175985,1560850.6560262,7864320,4
4026040305,1560846.5391613,7864320,4
4033904625,1560841.7484692,7864320,4
4041768945,1560855.0846793,7864320,4
4049633265,1560848.9292146,7864320,4
4057497585,1560866.8114753,7864320,4
4065361905,1560857.0945307,7864320,4
4073226225,1560866.6264924,7864320,4
4081090545,1560887.2927048,7864320,4
4088954865,1560868.8684434,7864320,4
4096819185,1560884.4522549,7864320,4
4104683505,1560860.6911514,7864320,4
4112547825,1560860.3213285,7864320,4
4120412145,1560881.5982923,7864320,4
4128276465,1560887.0035981,7864320,4
4136140785,1560877.5286624,7864320,4
4144005105,1560879.0044697,7864320,4
4151869425,1560916.0538851,7864320,4
4159733745,1560892.0974783,7864320,4
4167598065,1560874.1290461,7864320,4
4171530225,1560887.9051577,3932160,4
4179394545,1560886.9007159,7864320,4
4183326705,1560912.9470209,3932160,4
4191191025,1560913.2471949,7864320,4
4195123185,1560919.8014761,3932160,4
4202987505,1560917.7953887,7864320,4
4206919665,1560912.6491499,3932160,4
4214783985,1560908.5995322,7864320,4
4218716145,1560924.5322311,3932160,4
4226580465,1560924.84372,7864320,4
4230512625,1560944.163062,3932160,4
4238376945,1560921.318796,7864320,4
4242309105,1560924.1697548,3932160,4
4250173425,1560943.2197101,7864320,4
4254105585,1560956.8898955,3932160,4
4261969905,1560951.1848099,7864320,4
4265902065,1560943.576419,3932160,4
4273766385,1560946.8144723,7864320,4
4277698545,1560953.9663627,3932160,4
4285562865,1560947.2632967,7864320,4
4289495025,1560960.1625423,3932160,4
4297359345,1560942.4035442,7864320,4
4301291505,1560968.6191306,3932160,4
4309155825,1560974.5330015,7864320,4
4313087985,1560943.0553269,3932160,4
4320952305,1560957.0454406,7864320,4
4324884465,1560976.6702045,3932160,4
4332748785,1560966.3986956,7864320,4
4336680945,1560977.1424884,3932160,4
4344545265,1560970.5980535,7864320,4
4348477425,1560987.8144782,3932160,4
4356341745,1560986.529341,7864320,4
4360273905,1561003.2302417,3932160,4
4368138225,1561002.0014012,7864320,4
4372070385,1561012.0227986,3932160,4
4379934705,1561030.7257355,7864320,4
4383866865,1561003.4226006,3932160,4
4387799025,1560997.6470054,3932160,4
4391731185,1561006.7668509,3932160,4
4395663345,1561014.2510386,3932160,4
4399595505,1561009.8838798,3932160,4
4403527665,1561016.7495249,3932160,4
4407459825,1561009.2321057,3932160,4
4411391985,1561020.6128431,3932160,4
4415324145,1561023.0375055,3932160,4
4419256305,1561029.5941531,3932160,4
4423188465,1561017.2684656,3932160,4
4427120625,1561036.1820259,3932160,4
4431052785,1561039.6753032,3932160,4
4434984945,1561043.6462929,3932160,4
4438917105,1561044.9872142,3932160,4
4442849265,1561054.1781377,3932160,4
4444815345,1561053.6622433,1966080,4
4448747505,1561069.3374279,3932160,4
4450713585,1561075.4813378,1966080,4
4454645745,1561085.0538526,3932160,4
4456611825,1561089.090368,1966080,4
4457594865,2081444.7935016,983040,3
4459560945,2081434.9793879,1966080,3
4463493105,2081451.6393933,3932160,3
4471357425,2081430.8200304,7864320,3
4479221745,2081415.4861211,7864320,3
4487086065,2081457.3670402,7864320,3
4494950385,2081420.7604131,7864320,3
4502814705,2081447.6361921,7864320,3
4510679025,2081446.0119273,7864320,3
4518543345,2081457.8693507,7864320,3
4526407665,2081448.7257552,7864320,3
4534271985,2081426.7222594,7864320,3
4542136305,2081446.1098412,7864320,3
4550000625,2081463.606728,7864320,3
4557864945,2081472.547112,7864320,3
4565729265,2081461.2105316,7864320,3
4573593585,2081473.6727301,7864320,3
4581457905,2081461.2102757,7864320,3
4589322225,2081450.4041884,7864320,3
4597186545,2081466.8914052,7864320,3
4605050865,2081454.9527657,7864320,3
4612915185,2081469.4726194,7864320,3
4620779505,2081473.9058194,7864320,3
4628643825,2081479.3684156,7864320,3
4636508145,2081482.5098365,7864320,3
4644372465,2081487.3723185,7864320,3
4652236785,2081476.0040405,7864320,3
4660101105,2081493.2126749,7864320,3
4667965425,2081487.0142512,7864320,3
4675829745,2081457.137049,7864320,3
4683694065,2081481.5562146,7864320,3
4691558385,2081484.6732699,7864320,3
4699422705,2081498.7301714,7864320,3
4707287025,2081481.1214381,7864320,3
4715151345,2081486.7910712,7864320,3
4723015665,2081496.1249613,7864320,3
4730879985,2081504.6532098,7864320,3
4738744305,2081516.4945067,7864320,3
4746608625,2081512.4253188,7864320,3
4754472945,2081475.6449887,7864320,3
4762337265,2081484.3744968,7864320,3
4770201585,2081481.1063973,7864320,3
4778065905,2081502.4003696,7864320,3
4793794545,2081515.2193391,15728640,3
4801658865,2081508.6813879,7864320,3
4809523185,2081491.1491344,7864320,3
4817387505,2081503.6580867,7864320,3
4825251825,2081520.0518807,7864320,3
4840980465,2081503.4676764,15728640,3
4848844785,2081500.0744342,7864320,3
4864573425,2081541.8720982,15728640,3
4872437745,2081530.2451096,7864320,3
4888166385,2081507.050109,15728640,3
4896030705,2081530.635375,7864320,3
4911759345,2081527.2133371,15728640,3
4919623665,2081552.3473611,7864320,3
4935352305,2081522.0934377,15728640,3
4943216625,2081515.5967274,7864320,3
4958945265,2081532.588654,15728640,3
4966809585,2081538.2291535,7864320,3
4982538225,2081540.1490478,15728640,3
4990402545,2081547.8334078,7864320,3
5006131185,2081548.1727805,15728640,3
5013995505,2081546.4794874,7864320,3
5029724145,2081530.6817328,15728640,3
5037588465,2081545.2692341,7864320,3
5045452785,2081544.3420634,7864320,3
5061181425,2081553.6706905,15728640,3
5069045745,2081547.2679513,7864320,3
5084774385,2081570.1492162,15728640,3
5092638705,2081566.725403,7864320,3
5108367345,2081549.6899791,15728640,3
5116231665,2081563.6554222,7864320,3
5131960305,2081553.4206884,15728640,3
5139824625,2081566.0012629,7864320,3
5155553265,2081581.4524859,15728640,3
5163417585,2081596.1627074,7864320,3
5179146225,2081587.6832196,15728640,3
5187010545,2081562.0771251,7864320,3
5194874865,2081552.0650725,7864320,3
5210603505,2081573.8056688,15728640,3
5218467825,2081590.5833463,7864320,3
5234196465,2081586.1819653,15728640,3
5242060785,2081581.1217591,7864320,3
5257789425,2081593.3862816,15728640,3
5265653745,2081619.0437592,7864320,3
5273518065,2081587.4725401,7864320,3
5289246705,2081589.2790619,15728640,3
5297111025,2081609.5460576,7864320,3
5312839665,2081589.9769939,15728640,3
5320703985,2081610.0223554,7864320,3
5336432625,2081607.5207444,15728640,3
5344296945,2081591.7959311,7864320,3
5352161265,2081610.2630572,7864320,3
5360025585,2081618.6064731,7864320,3
5375754225,2081585.3223115,15728640,3
5383618545,2081607.503676,7864320,3
5399347185,2081598.1956682,15728640,3
5407211505,2081622.1305237,7864320,3
5422940145,2081614.2410376,15728640,3
5430804465,2081619.8375842,7864320,3
5446533105,2081613.8775231,15728640,3
5454397425,2081616.1853213,7864320,3
5470126065,2081620.2379313,15728640,3
5477990385,2081611.3712206,7864320,3
5493719025,2081609.7798967,15728640,3
5501583345,2081616.1346369,7864320,3
5509447665,2081631.0350076,7864320,3
5525176305,2081645.4058836,15728640,3
5533040625,2081611.8289133,7864320,3
5548769265,2081618.6288593,15728640,3
5556633585,2081633.1850705,7864320,3
5572362225,2081628.0961067,15728640,3
5580226545,2081640.2598046,7864320,3
5588090865,2081640.0984175,7864320,3
5595955185,2081637.7356211,7864320,3
5611683825,2081644.373565,15728640,3
5619548145,2081651.7782361,7864320,3
5635276785,2081637.6988293,15728640,3
5643141105,2081658.5613272,7864320,3
5658869745,2081668.8515202,15728640,3
5666734065,2081671.4756466,7864320,3
5682462705,2081686.3355442,15728640,3
5690327025,2081677.9870186,7864320,3
5706055665,2081656.2325621,15728640,3
5713919985,2081664.6969554,7864320,3
5729648625,2081639.6669737,15728640,3
5737512945,2081665.6233057,7864320,3
5753241585,2081676.2055461,15728640,3
5761105905,2081693.5560202,7864320,3
5776834545,2081678.7479436,15728640,3
5784698865,2081673.0792163,7864320,3
5800427505,2081683.7550477,15728640,3
5808291825,2081682.3185298,7864320,3
5816156145,2081681.5825173,7864320,3
5824020465,2081676.1160979,7864320,3
5831884785,2081689.0075813,7864320,3
5839749105,2081694.7389936,7864320,3
5855477745,2081685.7621531,15728640,3
5863342065,2081693.9670473,7864320,3
5879070705,2081686.816379,15728640,3
5886935025,2081691.7899034,7864320,3
5894799345,2081694.5235709,7864320,3
5902663665,2081711.9155567,7864320,3
5910527985,2081704.4427273,7864320,3
5918392305,2081692.7461489,7864320,3
5926256625,2081708.3360304,7864320,3
5941985265,2081688.598043,15728640,3
5949849585,2081710.939867,7864320,3
5965578225,2081708.5121705,15728640,3
5973442545,2081701.8360414,7864320,3
5989171185,2081727.6025037,15728640,3
5997035505,2081715.5492262,7864320,3
6004899825,2081743.5096819,7864320,3
6012764145,2081730.7334659,7864320,3
6020628465,2081723.0599998,7864320,3
6028492785,2081726.7897075,7864320,3
6036357105,2081706.395736,7864320,3
6044221425,2081734.1996263,7864320,3
6052085745,2081740.9632873,7864320,3
6059950065,2081732.2224023,7864320,3
6067814385,2081730.5593517,7864320,3
6075678705,2081722.927193,7864320,3
6083543025,2081742.4872001,7864320,3
6091407345,2081765.495467,7864320,3
6099271665,2081729.9628913,7864320,3
6107135985,2081740.142954,7864320,3
6115000305,2081736.2061437,7864320,3
6122864625,2081734.4418937,7864320,3
6130728945,2081740.9454689,7864320,3
6134661105,2081772.9348628,3932160,3
6138593265,2081756.4920587,3932160,3
6140559345,2081752.1458421,1966080,3
6142525425,2081742.4363019,1966080,3
6144491505,2081737.6102086,1966080,3
6146457585,2081754.2293278,1966080,3
6148423665,2081781.5593026,1966080,3
6150389745,2081775.1929577,1966080,3
6152355825,2081789.2200008,1966080,3
6154321905,2081790.7298245,1966080,3
6158254065,2081783.2281155,3932160,3
6160220145,2081776.2688173,1966080,3
6164152305,2081825.4008015,3932160,3
6166118385,2081820.1598926,1966080,3
6170050545,2081823.1067718,3932160,3
6172016625,2081835.3147693,1966080,3
6175948785,2081852.6286192,3932160,3
6177914865,2081850.5696963,1966080,3
6181847025,2081846.0196135,3932160,3
6183813105,2081844.7464361,1966080,3
6187745265,2081854.9333385,3932160,3
6189711345,2081870.0901257,1966080,3
6193643505,2081869.7436476,3932160,3
6195609585,2081881.9629089,1966080,3
6199541745,2081875.2762263,3932160,3
6201507825,2081876.2662089,1966080,3
6205439985,2081898.909924,3932160,3
6209372145,2081911.6272341,3932160,3
6211338225,2081924.9812314,1966080,3
6215270385,2081926.4863483,3932160,3
6219202545,2081912.6303072,3932160,3
6221168625,2081944.4857545,1966080,3
6225100785,2081921.0395883,3932160,3
6229032945,2081953.0887778,3932160,3
6230999025,2081944.6435496,1966080,3
6234931185,2081966.6848262,3932160,3
6238863345,2081977.2950066,3932160,3
6240829425,2081977.6502216,1966080,3
6244761585,2081991.3565174,3932160,3
6246727665,2081995.5950939,1966080,3
6250659825,2082012.5088541,3932160,3
6251642865,2082025.8832156,983040,3
6252625905,2082017.3373319,983040,3
6254591985,2082008.3564296,1966080,3
6256558065,2082041.2057628,1966080,3
6258524145,2082034.7102211,1966080,3
6260490225,2082033.2069729,1966080,3
6262456305,2082025.088804,1966080,3
6264422385,2082059.6186973,1966080,3
6268354545,2082068.9976739,3932160,3
6270320625,2082087.4592938,1966080,3
6274252785,2082131.0419932,3932160,3
6276218865,2082122.5760396,1966080,3
6280151025,2082129.6335849,3932160,3
6282117105,2082155.5621697,1966080,3
6286049265,2082145.3309545,3932160,3
6288015345,2082166.8581902,1966080,3
6291947505,2082192.9058202,3932160,3
6293913585,2082200.0931737,1966080,3
6295879665,2082221.583066,1966080,3
6299811825,2082236.3037827,3932160,3
6301777905,2082258.2990476,1966080,3
6303743985,2082285.3427696,1966080,3
6304727025,2082310.5963502,983040,3
6305710065,2082310.9140471,983040,3
6306693105,3123507.7591902,983040,2
6307676145,3123540.0021057,983040,2
6309642225,3123535.8452961,1966080,2
6313574385,3123547.227714,3932160,2
6317506545,3123519.1758402,3932160,2
6321438705,3123592.1330813,3932160,2
6325370865,3123549.7002373,3932160,2
6329303025,3123607.9078445,3932160,2
6333235185,3123621.3895316,3932160,2
6337167345,3123616.63817,3932160,2
6341099505,3123579.7045628,3932160,2
6345031665,3123563.5012422,3932160,2
6348963825,3123579.1407651,3932160,2
6352895985,3123610.729927,3932160,2
6356828145,3123605.7507404,3932160,2
6360760305,3123609.7716049,3932160,2
6364692465,3123621.711617,3932160,2
6368624625,3123621.6399037,3932160,2
6372556785,3123632.0038744,3932160,2
6376488945,3123643.1322805,3932160,2
6380421105,3123659.1715598,3932160,2
6384353265,3123652.5694323,3932160,2
6388285425,3123668.4126442,3932160,2
6392217585,3123682.305897,3932160,2
6396149745,3123693.2860981,3932160,2
6400081905,3123710.8035576,3932160,2
6404014065,3123685.9470257,3932160,2
6407946225,3123708.1266329,3932160,2
6411878385,3123722.2810489,3932160,2
6415810545,3123721.6963139,3932160,2
6423674865,3123692.0122891,7864320,2
6427607025,3123721.6310124,3932160,2
6431539185,3123712.086104,3932160,2
6439403505,3123742.3750443,7864320,2
6443335665,3123746.1663439,3932160,2
6447267825,3123751.2158524,3932160,2
6455132145,3123757.9410971,7864320,2
6459064305,3123798.6080521,3932160,2
6466928625,3123769.3235412,7864320,2
6470860785,3123790.7525549,3932160,2
6478725105,3123817.3429212,7864320,2
6482657265,3123820.7275121,3932160,2
6490521585,3123823.7627044,7864320,2
6494453745,3123808.3800293,3932160,2
6502318065,3123829.6246762,7864320,2
6506250225,3123845.8570646,3932160,2
6514114545,3123886.3749156,7864320,2
6518046705,3123881.2658746,3932160,2
6525911025,3123853.4247989,7864320,2
6529843185,3123896.7029877,3932160,2
6537707505,3123901.4422416,7864320,2
6541639665,3123915.9756925,3932160,2
6549503985,3123934.7816734,7864320,2
6553436145,3123890.0212054,3932160,2
6561300465,3123925.0213846,7864320,2
6565232625,3123935.4184431,3932160,2
6573096945,3123930.981453,7864320,2
6577029105,3123967.4674953,3932160,2
6584893425,3123970.6431497,7864320,2
6588825585,3123975.7820528,3932160,2
6596689905,3124010.3736661,7864320,2
6600622065,3123987.6439674,3932160,2
6608486385,3124000.1520327,7864320,2
6612418545,3124012.9747382,3932160,2
6620282865,3124000.7467748,7864320,2
6624215025,3124025.6764667,3932160,2
6632079345,3124056.5555784,7864320,2
6636011505,3124047.4930938,3932160,2
6643875825,3124066.6644861,7864320,2
6647807985,3124068.7672886,3932160,2
6655672305,3124066.4801554,7864320,2
6659604465,3124086.6964744,3932160,2
6667468785,3124084.9297489,7864320,2
6671400945,3124121.1830389,3932160,2
6679265265,3124095.2946926,7864320,2
6683197425,3124123.712625,3932160,2
6691061745,3124131.4673929,7864320,2
6694993905,3124143.4844139,3932160,2
6702858225,3124150.0842585,7864320,2
6706790385,3124194.3545351,3932160,2
6714654705,3124166.4127222,7864320,2
6718586865,3124174.8133696,3932160,2
6726451185,3124200.9543027,7864320,2
6730383345,3124202.0973752,3932160,2
6738247665,3124212.8919257,7864320,2
6742179825,3124216.684675,3932160,2
6750044145,3124248.3803564,7864320,2
6753976305,3124240.2954885,3932160,2
6761840625,3124250.0236887,7864320,2
6765772785,3124268.9796421,3932160,2
6773637105,3124284.8070026,7864320,2
6777569265,3124296.3606213,3932160,2
6785433585,3124290.6845332,7864320,2
6789365745,3124309.7304824,3932160,2
6797230065,3124325.3355813,7864320,2
6801162225,3124321.7775796,3932160,2
6809026545,3124341.4504822,7864320,2
6812958705,3124376.2142145,3932160,2
6816890865,3124359.0302941,3932160,2
6820823025,3124374.6014598,3932160,2
6824755185,3124369.0266465,3932160,2
6828687345,3124422.3287167,3932160,2
6832619505,3124389.3723985,3932160,2
6836551665,3124410.1052442,3932160,2
6840483825,3124404.3572479,3932160,2
6844415985,3124433.9732292,3932160,2
6848348145,3124422.0215806,3932160,2
6852280305,3124431.0542186,3932160,2
6856212465,3124482.6238183,3932160,2
6860144625,3124451.2251714,3932160,2
6864076785,3124468.2391923,3932160,2
6868008945,3124493.8075563,3932160,2
6871941105,3124480.2311784,3932160,2
6875873265,3124497.7370026,3932160,2
6879805425,3124518.2659278,3932160,2
6883737585,3124508.7451376,3932160,2
6887669745,3124533.7532772,3932160,2
6891601905,3124551.9372552,3932160,2
6895534065,3124553.6771618,3932160,2
6899466225,3124569.1451888,3932160,2
6903398385,3124578.4127099,3932160,2
6907330545,3124593.2116596,3932160,2
6911262705,3124590.0371236,3932160,2
6915194865,3124604.0523922,3932160,2
6919127025,3124613.0737789,3932160,2
6923059185,3124638.8260977,3932160,2
6926991345,3124664.0296339,3932160,2
6930923505,3124678.6281242,3932160,2
6934855665,3124688.5418224,3932160,2
6938787825,3124689.9583483,3932160,2
6942719985,3124719.1810491,3932160,2
6946652145,3124737.5735125,3932160,2
6948618225,3124742.6504154,1966080,2
6952550385,3124778.8923493,3932160,2
6954516465,3124757.7289081,1966080,2
6958448625,3124805.6312734,3932160,2
6960414705,3124807.7736534,1966080,2
6964346865,3124829.5269977,3932160,2
6966312945,3124839.9860979,1966080,2
6968279025,3124853.8211511,1966080,2
6970245105,3124880.8245202,1966080,2
6972211185,3124908.435696,1966080,2
6973194225,3124916.6020154,983040,2
6974177265,3124942.6471558,983040,2
6975160305,3124956.9706205,983040,2
6976143345,6250032.191983,983040,1
6978109425,6250015.9021184,1966080,1
6982041585,6250000.1991248,3932160,1
6989905905,6249999.5782271,7864320,1
7005634545,6249999.9843049,15728640,1
7005757425,6250000.0224288,122880,1
